id,replyCount,likeCount,publishedAt,authorName,text,authorChannelId,authorChannelUrl,isReply,isReplyTo,isReplyToName
Ugw7RGA8zz5OlpPS9gx4AaABAg,0,1,"2024-11-25 08:45:12",@menecraft-y2r,"Non c'est pas int√©ressent",UCgpOWVve52K8rLFdoFehjsQ,http://www.youtube.com/@menecraft-y2r,0,,
UgzrstN2XEa1QQwoxUV4AaABAg,1,2,"2024-04-19 13:29:25",@guidofurman6545,"Like si lo est√°s viendo en tu clase franc√©s :v",UCdKpRs6xKIIkefhuthmqxig,http://www.youtube.com/@guidofurman6545,0,,
UgzrstN2XEa1QQwoxUV4AaABAg.A2Pycc-T17OA2PyhAPNO_T,,0,"2024-04-19 13:30:03",@pedroo8142,"si papu xdxdxd",UCguVX8XBK09mxYoPGIX3WWg,http://www.youtube.com/@pedroo8142,1,UgzrstN2XEa1QQwoxUV4AaABAg,@guidofurman6545
UgwjGfShTefXkEvkL3t4AaABAg,0,0,"2023-11-20 13:22:58",@bmk7468,"Trop bien cette vid√©o üòÇüòÆüò¢üòäüòäüéâüòÖ‚ù§üá©üá™üêµüòÉü§£üëÄüòÇüò°üêµüòÑ",UCOmxo35NOAbKly863WfayfA,http://www.youtube.com/@bmk7468,0,,
UgyrHY7IrqpC_LZ7uEh4AaABAg,0,0,"2023-03-25 11:24:38",@31popo66,"petite question, qui a d√©montrer que le cerveau relache de la dopamine ? jen ai besoin pour mon oral svpp",UCS-FiVIWlYWTmxj7PrVjrcQ,http://www.youtube.com/@31popo66,0,,
Ugzjt2iSalwLz0KfpzV4AaABAg,0,0,"2023-03-12 20:57:32",@hakimhakim3076,"Bonjour, comment avez vous r√©alis√© votre vid√©o s'il vous pla√Æt ?",UCE_aelDoxcDCg_KtwXCKhpA,http://www.youtube.com/@hakimhakim3076,0,,
UgyuCKru7vV5PM7eMFh4AaABAg,0,0,"2023-03-01 10:17:04",@cabesfoundation881,"Belle vid√©o, sauf que la femme va vite, j'ai d√ª ralentir la vid√©o pour qu'elle soit bien claire et compr√©hensible",UCLRsJmvRRieQlJYv4wfZILQ,http://www.youtube.com/@cabesfoundation881,0,,
UgwcsUyeo89WaOyE4Hp4AaABAg,0,0,"2023-02-06 18:33:08",@wifidechezmoi,"pOURQUOI METTRE UN DRAPEAU LGBT C'EST GRAVE LA SOCIETE O√π ON VIT F U C K LES LGBT PROTEGEONS NOS ENFANT CONTRE CE DIABLE",UCAin9ZvrDT44qZ95YNhUgLQ,http://www.youtube.com/@wifidechezmoi,0,,
UgwsHvqQhyDbRoGX6KV4AaABAg,0,6,"2023-01-16 15:24:33",@marthajones1450,"<<Je me souviens d'avoir regard√© cette vid√©o d'un SDF √† New York il y a un an. Voir cela m'a fait monter les larmes aux yeux √† quel point ma vie est meilleure maintenant et cette vid√©o est toujours l√†. Ne jamais abandonner dans la vie. Aucune condition n'est permanente>>",UCIznwwiD7JZCmd76JjJ4zig,http://www.youtube.com/@marthajones1450,0,,
UgwZObiFhBC5QMc2W6d4AaABAg,0,0,"2023-01-05 07:54:59",@mohan.8750,"epave vien 1v1 rocket league jte ez",UC2s7s39t4W1XGScPMv5Kaxw,http://www.youtube.com/@mohan.8750,0,,
UgzDhZxljXvMC9_C47R4AaABAg,0,0,"2023-01-05 07:54:40",@JHNLURNT,"1:49 il ny a pas que le cot√© qui est obscur",UC23Q1Ska_rxfz7RAoDGd51g,http://www.youtube.com/@JHNLURNT,0,,
UgwMoruIVy-hhYAm-TZ4AaABAg,0,0,"2023-01-05 07:52:33",@JHNLURNT,"Je trouves que cela n'es pas assez bien realis√© vous pouvez mieux faire VAMOS",UC23Q1Ska_rxfz7RAoDGd51g,http://www.youtube.com/@JHNLURNT,0,,
UgwCrM6lJDuTV3pmXhp4AaABAg,0,0,"2022-12-08 10:49:48",@samidira3068,Ok,UCZMfbgpdC7lNw8Eh-gyUjLg,http://www.youtube.com/@samidira3068,0,,
UgwQIAL0Z7SwnQ2QCMZ4AaABAg,1,5,"2022-10-27 11:15:29",@Alex..__,"fran√ßais : 1h23 par jour, Moi : 17h50",UC6EWWWlks2liQPBfP9JbOqw,http://www.youtube.com/@Alex..__,0,,
UgwQIAL0Z7SwnQ2QCMZ4AaABAg.9hgH2BA-0MeABFwxdOSz5g,,0,"2024-11-25 08:44:57",@menecraft-y2r,"7h par jour üòäüòä",UCgpOWVve52K8rLFdoFehjsQ,http://www.youtube.com/@menecraft-y2r,1,UgwQIAL0Z7SwnQ2QCMZ4AaABAg,@Alex..__
UgyH15x0Rd_FK0EY-wF4AaABAg,1,5,"2022-07-02 15:26:41",@beatrizcastro1103,"La majorit√© des 18 √† 34 ans consultent leur r√©seau favori d√®s le r√©veil, et plus de 80% des adolescents les consultent avant de s‚Äôendormir. Entretemps, on consulte les r√©seaux sociaux non-stop ! Entre les likes, les notifications, les retweets, mais aussi l‚Äôexp√©rience utilisateur, le design des interfaces, les couleurs, les sons, etc... Tout est calcul√© par les ing√©nieurs de la Silicon Valley pour capter notre attention, rendre les plateformes addictives et faire que nous y passions le plus de temps possible.",UCHeirUbMUlbbjiO2kuicjAQ,http://www.youtube.com/@beatrizcastro1103,0,,
UgyH15x0Rd_FK0EY-wF4AaABAg.9czSmfGCcLl9w289Kp7d0n,,0,"2023-10-19 07:39:52",@paresseux_32,"T'as √©t√© pay√© pour d√©biter autant ?",UCdQrUzfl8FH5jh3KFj7Q0_A,http://www.youtube.com/@paresseux_32,1,UgyH15x0Rd_FK0EY-wF4AaABAg,@beatrizcastro1103
UgwotxYLcNkX6wIXHAp4AaABAg,0,1,"2022-06-22 09:32:53",@tabitdouaa468,"On peut dire que √† croc il est passionn√© de quelque chose qui ne peut s'en passerüòÑü§©",UC7ubGnRSGIxLIPbDglX22Aw,http://www.youtube.com/@tabitdouaa468,0,,
Ugz_NDaMtV-M6FBgMi54AaABAg,0,0,"2022-05-03 20:33:43",@wisalhajsalem7228,Hhhh,UCurF3xAknluTb42KMuymxug,http://www.youtube.com/@wisalhajsalem7228,0,,
UgydFmQZFjF6GvlVDCF4AaABAg,0,0,"2022-04-20 17:53:14",@AmineLe,"Merci je vais copier coller les sous titres pour un devoir d'anglais que je vais sous titr√© grace a deepl",UC6pKRHUJDfw3terDVEM82Gw,http://www.youtube.com/@AmineLe,0,,
UgxH31zX4P2GAiU8WOZ4AaABAg,0,0,"2022-03-23 05:43:59",@pakouille,"C'est √ßa "" les r√©seaux sociaux sont-ils vecteur de libert√©"" ?",UCBTOlbUqR6tT2et846Hc5iQ,http://www.youtube.com/@pakouille,0,,
UgwCuCB4INckPjQvHgR4AaABAg,0,0,"2022-02-06 13:07:35",@bureauamely1099,ü§¶üòÇü§î,UCJe7oxLL2LZkh_LjMQwR9Rg,http://www.youtube.com/@bureauamely1099,0,,
UgyE1hUKvGlsdQkjyWh4AaABAg,0,1,"2022-01-16 11:44:26",@kawaitao,"Qui viens du cour d histoire ?",UCQzLQXeqlGMCD3ZsfGN2GOA,http://www.youtube.com/@kawaitao,0,,
Ugxyu4JOCP_n-HG4uQN4AaABAg,4,1,"2022-01-02 13:23:01",@mydrawingsgalleryrainbow265,"Je suis bien contente de ne pas utiliser les r√©seaux je me sens plus libre comme √ßa",UCv_zgAgBSSFcnO28P-cvY5w,http://www.youtube.com/@mydrawingsgalleryrainbow265,0,,
Ugxyu4JOCP_n-HG4uQN4AaABAg.9WhAkZGNGqW9XJpqNuFp_D,,0,"2022-01-17 23:01:12",@guillaume8995,"Si t'utilise Youtube üòâüòÅ",UCt3q1oXqnzlDu7WtMdNrPwg,http://www.youtube.com/@guillaume8995,1,Ugxyu4JOCP_n-HG4uQN4AaABAg,@mydrawingsgalleryrainbow265
Ugxyu4JOCP_n-HG4uQN4AaABAg.9WhAkZGNGqW9XJqAQ0J2MZ,,0,"2022-01-17 23:04:04",@mydrawingsgalleryrainbow265,"@@guillaume8995 oui c‚Äôest pas faux mais je ne fais pas de vid√©o üòÇ",UCv_zgAgBSSFcnO28P-cvY5w,http://www.youtube.com/@mydrawingsgalleryrainbow265,1,Ugxyu4JOCP_n-HG4uQN4AaABAg,@mydrawingsgalleryrainbow265
Ugxyu4JOCP_n-HG4uQN4AaABAg.9WhAkZGNGqW9XJrme0D5pQ,,0,"2022-01-17 23:18:10",@guillaume8995,"@@mydrawingsgalleryrainbow265 moi j'arrive pas a m'en debarasser des reseaux üòÖü•∫",UCt3q1oXqnzlDu7WtMdNrPwg,http://www.youtube.com/@guillaume8995,1,Ugxyu4JOCP_n-HG4uQN4AaABAg,@mydrawingsgalleryrainbow265
Ugxyu4JOCP_n-HG4uQN4AaABAg.9WhAkZGNGqW9XJs5xKPNXl,,0,"2022-01-17 23:20:56",@mydrawingsgalleryrainbow265,"@@guillaume8995 perso j‚Äôai r√©ussi mais sa na pas √©t√© facile",UCv_zgAgBSSFcnO28P-cvY5w,http://www.youtube.com/@mydrawingsgalleryrainbow265,1,Ugxyu4JOCP_n-HG4uQN4AaABAg,@mydrawingsgalleryrainbow265
UgyExDC0woBlHb_7Wv14AaABAg,4,0,"2021-12-13 22:56:28",@bentosobral,"C est le on partage tout de Lysi et comme ya tou le monde ca sera jug√© comme en democratie!... Ouais d accord eh du coup ils ont dit qu ya vait que PACA qui avaient le droit de voter pour les presidentielle",UCaE0ESjVs5fcq9Or00XFF3w,http://www.youtube.com/@bentosobral,0,,
UgyExDC0woBlHb_7Wv14AaABAg.9VuhU7cFIlT9VuhtSZUPAU,,0,"2021-12-13 23:00:04",@bentosobral,"Eh ma fille ru crois que tu vas me faire juger par les salari√©s avec une majorit√© d apprentie et etc.... Non ...mais Lysi!!!.vous avez ete finit √† la pisse c est pas possible!!! Et tsais quoi le directeur de l ecole il peut prendre toute la coc qu il veut faut arreter la blague!",UCaE0ESjVs5fcq9Or00XFF3w,http://www.youtube.com/@bentosobral,1,UgyExDC0woBlHb_7Wv14AaABAg,@bentosobral
UgyExDC0woBlHb_7Wv14AaABAg.9VuhU7cFIlT9VuiFHYLgzN,,0,"2021-12-13 23:03:11",@bentosobral,"Tu crois quoi que c est la democratie et que chaque voix √† le droit de voter? ...mais √† quel moment tu prends en compte la voix de la cuisiniere qui est ds la boutique depuis 10 ans et qui me dit Eh Bento jprefere que tu viennes foncde que tu ne viennes pas parceque sans toi c est dla rigolade!!!",UCaE0ESjVs5fcq9Or00XFF3w,http://www.youtube.com/@bentosobral,1,UgyExDC0woBlHb_7Wv14AaABAg,@bentosobral
UgyExDC0woBlHb_7Wv14AaABAg.9VuhU7cFIlT9VuiSjFUF7q,,0,"2021-12-13 23:05:01",@bentosobral,"Non mais serieux....c est faux lacher prise jusqu au jour ou Albert t aura enferm√© √† la maison pour aller se la coller",UCaE0ESjVs5fcq9Or00XFF3w,http://www.youtube.com/@bentosobral,1,UgyExDC0woBlHb_7Wv14AaABAg,@bentosobral
UgyExDC0woBlHb_7Wv14AaABAg.9VuhU7cFIlT9VuiaFD5WiS,,0,"2021-12-13 23:06:11",@bentosobral,"Ou c est faut lacher prise comprennaient les z avez vu le nombre d √©trangers qu il y a ils ont raison de gueuler!",UCaE0ESjVs5fcq9Or00XFF3w,http://www.youtube.com/@bentosobral,1,UgyExDC0woBlHb_7Wv14AaABAg,@bentosobral
UgxPaP79FPI9pVfEe8Z4AaABAg,0,0,"2021-11-04 14:03:09",@MlleAventure,"Ouf, vid√©o tellement probl√©matique sur tant de niveaux... Nuance et contextualisation absente, approche hyper technod√©terministe et r√©duction des usages num√©riques √† leur seule dimension de risque alors que plus de 80 ans de recherche en communication d√©montrent tout le contraire sur les effets des m√©dias ‚Ä¶ Ouf‚Äâ! √Ä √©viter‚Äâ!",UCfcm8Ei0EBzwM1bvGlmUf5A,http://www.youtube.com/@MlleAventure,0,,
UgzKbByabrWsz0eaqch4AaABAg,1,0,"2021-09-16 20:10:08",@iix-ethan-iix2801,"Jmen bas la race",UCUvxuWTAtIoBS7STOme-rww,http://www.youtube.com/@iix-ethan-iix2801,0,,
UgzKbByabrWsz0eaqch4AaABAg.9SMoUtCoEjo9X5cM-nxIwB,,1,"2022-01-12 10:33:57",@sam-lgd1836,"Calme toi Ethan",UC4bQ6V2q8SMA7GTX6JyQIFw,http://www.youtube.com/@sam-lgd1836,1,UgzKbByabrWsz0eaqch4AaABAg,@iix-ethan-iix2801
UgzJIwdj8D8To-TfsqV4AaABAg,1,4,"2021-06-22 21:21:19",@melissagoty129,"Tr√®s int√©ressant! Et √† m√©diter surtout!",UCS1CIjcmWakN2PNGeVihufQ,http://www.youtube.com/@melissagoty129,0,,
UgzJIwdj8D8To-TfsqV4AaABAg.9OuVGtkFdjP9ScpliFvA76,,2,"2021-09-23 10:48:24",@gregouzzz0806,"De fou ta vue",UCskXpaK8R2YvRsoHMGUiQig,http://www.youtube.com/@gregouzzz0806,1,UgzJIwdj8D8To-TfsqV4AaABAg,@melissagoty129
UgzFxvyZZHICEBrkyeB4AaABAg,1,13,"2021-04-23 13:34:15",@tablebasse3283,"j'aime les serpents",UCyOCmRXH0EDm9YqcdrHVYoA,http://www.youtube.com/@tablebasse3283,0,,
UgzFxvyZZHICEBrkyeB4AaABAg.9MUA7YAws9L9ScpiNXJXp1,,3,"2021-09-23 10:47:57",@gregouzzz0806,"Blc sah",UCskXpaK8R2YvRsoHMGUiQig,http://www.youtube.com/@gregouzzz0806,1,UgzFxvyZZHICEBrkyeB4AaABAg,@tablebasse3283
Ugykn1kELbNC9tcbTAB4AaABAg,0,9,"2021-04-11 16:40:07",@aveybubble8178,"Merci! C‚Äôest pour une pr√©sentation d‚Äô√©cole C:",UC9u9oqm0-8_QnXrbTjK4JEw,http://www.youtube.com/@aveybubble8178,0,,
UgxTBkIxkG2LllGOxAN4AaABAg,1,2,"2021-02-28 16:57:01",@mohamedfarih2502,"euh on est cens√© faire un quiz dans notre √©cole sur √ßa lol",UCGVmCTQiPc2LjaGtKN-PPfQ,http://www.youtube.com/@mohamedfarih2502,0,,
UgxTBkIxkG2LllGOxAN4AaABAg.9KJUPOB90nK9ScprpXc3u0,,0,"2021-09-23 10:49:14",@gregouzzz0806,"Oui oui t un g√©nie toi",UCskXpaK8R2YvRsoHMGUiQig,http://www.youtube.com/@gregouzzz0806,1,UgxTBkIxkG2LllGOxAN4AaABAg,@mohamedfarih2502
UgywYgBvZv43Cc5xY-V4AaABAg,10,7,"2021-01-06 07:58:07",@lukasrobijns5304,Hey,UCM4Hdhjs-h2pLHFvdhSabiA,http://www.youtube.com/@lukasrobijns5304,0,,
UgywYgBvZv43Cc5xY-V4AaABAg.9IA2b0rF6X39IA2erEMwKg,,0,"2021-01-06 07:58:38",@Thim01,Hey,UCh4Wuucy8si_knj58fER9KQ,http://www.youtube.com/@Thim01,1,UgywYgBvZv43Cc5xY-V4AaABAg,@lukasrobijns5304
UgywYgBvZv43Cc5xY-V4AaABAg.9IA2b0rF6X39IA2rexNhgX,,0,"2021-01-06 08:00:23",@lukasrobijns5304,"Het is 3 koningen vandaag he",UCM4Hdhjs-h2pLHFvdhSabiA,http://www.youtube.com/@lukasrobijns5304,1,UgywYgBvZv43Cc5xY-V4AaABAg,@lukasrobijns5304
UgywYgBvZv43Cc5xY-V4AaABAg.9IA2b0rF6X39IA2tVbiop-,,0,"2021-01-06 08:00:38",@michielwijnen1083,"Tief op",UCBIVbGNiwuvJCS574b3611g,http://www.youtube.com/@michielwijnen1083,1,UgywYgBvZv43Cc5xY-V4AaABAg,@lukasrobijns5304
UgywYgBvZv43Cc5xY-V4AaABAg.9IA2b0rF6X39IA2tmq9B4p,,0,"2021-01-06 08:00:41",@Thim01,"@@lukasrobijns5304 zweer",UCh4Wuucy8si_knj58fER9KQ,http://www.youtube.com/@Thim01,1,UgywYgBvZv43Cc5xY-V4AaABAg,@lukasrobijns5304
UgywYgBvZv43Cc5xY-V4AaABAg.9IA2b0rF6X39IA2x1jlxJs,,0,"2021-01-06 08:01:07",@lukasrobijns5304,YOMo,UCM4Hdhjs-h2pLHFvdhSabiA,http://www.youtube.com/@lukasrobijns5304,1,UgywYgBvZv43Cc5xY-V4AaABAg,@lukasrobijns5304
UgywYgBvZv43Cc5xY-V4AaABAg.9IA2b0rF6X39IA33PC9Il-,,0,"2021-01-06 08:02:08",@lukasrobijns5304,Wollah,UCM4Hdhjs-h2pLHFvdhSabiA,http://www.youtube.com/@lukasrobijns5304,1,UgywYgBvZv43Cc5xY-V4AaABAg,@lukasrobijns5304
UgywYgBvZv43Cc5xY-V4AaABAg.9IA2b0rF6X39IA3B6NYzQu,,0,"2021-01-06 08:03:11",@michielwijnen1083,"@@Thim01 jarig",UCBIVbGNiwuvJCS574b3611g,http://www.youtube.com/@michielwijnen1083,1,UgywYgBvZv43Cc5xY-V4AaABAg,@lukasrobijns5304
UgywYgBvZv43Cc5xY-V4AaABAg.9IA2b0rF6X39IA3C1zcGDC,,1,"2021-01-06 08:03:18",@Thim01,"@@lukasrobijns5304 sorry, tenzij als je het leuk vond",UCh4Wuucy8si_knj58fER9KQ,http://www.youtube.com/@Thim01,1,UgywYgBvZv43Cc5xY-V4AaABAg,@lukasrobijns5304
UgywYgBvZv43Cc5xY-V4AaABAg.9IA2b0rF6X39IA3ehCs0aN,,0,"2021-01-06 08:07:21",@henriteuwen7416,"@@michielwijnen1083 niet cyber pesten !!!",UC1020n-ceGb-bLP5t17EHiA,http://www.youtube.com/@henriteuwen7416,1,UgywYgBvZv43Cc5xY-V4AaABAg,@lukasrobijns5304
UgywYgBvZv43Cc5xY-V4AaABAg.9IA2b0rF6X39IA3i6p5fdr,,0,"2021-01-06 08:07:49",@lukasrobijns5304,Sorry,UCM4Hdhjs-h2pLHFvdhSabiA,http://www.youtube.com/@lukasrobijns5304,1,UgywYgBvZv43Cc5xY-V4AaABAg,@lukasrobijns5304
UgxP-E7NK2lfuKDzZ2V4AaABAg,1,1,"2020-12-15 12:09:23",@theoechecs,"Moi je suis accro √† mes animaux je passe le double de temps √† emb√™ter mes animaux qu'√† √™tres sur les r√©seaux sociaux. (le pire c'est que c'est juste un chat et un cochon d'inde).",UCh7F6sm7vdEKpP5YthAAReA,http://www.youtube.com/@theoechecs,0,,
UgxP-E7NK2lfuKDzZ2V4AaABAg.9HHqs5ckVPq9ScqALq8uLJ,,0,"2021-09-23 10:51:54",@gregouzzz0806,"Ravie d'en savoir plus sur ta vie mon reuf",UCskXpaK8R2YvRsoHMGUiQig,http://www.youtube.com/@gregouzzz0806,1,UgxP-E7NK2lfuKDzZ2V4AaABAg,@theoechecs
Ugyheg_F2oZPOE4Vzox4AaABAg,0,5,"2020-10-28 12:43:49",@cah7154,"E mais um dia de urso polar com universit√°rios no Show do milh√£o.",UCCY347ujFWQVjkyPl4cUTjg,http://www.youtube.com/@cah7154,0,,
UgwwtlwkIcu-9ruYZ_t4AaABAg,0,0,"2020-10-15 06:35:34",@mushu2724,"Coucou les gens abonnez vous √† ma chaine youtube",UCdVyJQkVAVtvV_g64UewStw,http://www.youtube.com/@mushu2724,0,,
UgxYIqLeK9t3-AFozFl4AaABAg,1,3,"2020-09-28 18:19:56",@yo9932,"Calvos os estoy vigilando. Traducir I want to see gas. Un saludi√±o",UCWls7jdXNMNw6hGTsST1yMQ,http://www.youtube.com/@yo9932,0,,
UgxYIqLeK9t3-AFozFl4AaABAg.9E9fGmEJa-y9NAQaHShrq2,,0,"2021-05-10 18:04:42",@allouryesterdays1904,"Gracias por tanto maestro. Eres un grande pero devuelve el dinero a la anciana.",UCRClZAJtYGzLd9O2JkJqq3w,http://www.youtube.com/@allouryesterdays1904,1,UgxYIqLeK9t3-AFozFl4AaABAg,@yo9932
UgxPjoKHclbQ7xz0Ezp4AaABAg,0,0,"2020-09-22 13:12:29",@amaury1773,"Aussi bien que l‚Äôautre",UCxoNMMXsO1fHWcB6kDcIcXQ,http://www.youtube.com/@amaury1773,0,,
Ugw7F75R5f-TJ7OCWHp4AaABAg,2,0,"2020-09-03 16:50:58",@Paulexine,"Moi j'ai juste youtube",UCxwLLgNqlcBj68FRaRqCjqg,http://www.youtube.com/@Paulexine,0,,
Ugw7F75R5f-TJ7OCWHp4AaABAg.9D98DHfwtBu9ScpgW5pkMO,,0,"2021-09-23 10:47:41",@gregouzzz0806,Miskin,UCskXpaK8R2YvRsoHMGUiQig,http://www.youtube.com/@gregouzzz0806,1,Ugw7F75R5f-TJ7OCWHp4AaABAg,@Paulexine
Ugw7F75R5f-TJ7OCWHp4AaABAg.9D98DHfwtBu9jI5DIJ03hs,,0,"2022-12-06 09:33:55",@LeTotorr,"@@gregouzzz0806 T'aimes bien r√©pondre √† tout le monde pour dire de la mrde, esp√®ce de chiure animali√®re",UCao7XfD9rN8SYYh6gf9Uewg,http://www.youtube.com/@LeTotorr,1,Ugw7F75R5f-TJ7OCWHp4AaABAg,@Paulexine
UgxFZTO96t2lX7VxgGt4AaABAg,0,7,"2020-05-04 15:51:27",@timotheepaton73,"¬´¬†Un jour, une jeune fille de 14 ans vient me voir √† la fin d‚Äôun Culte et me dit¬†: ‚ÄòJ‚Äôai besoin de pri√®re. Je suis accro aux r√©seaux sociaux.¬†Le premier pas pour s‚Äôaffranchir d‚Äôune addiction, c‚Äôest d‚Äôen parler √† quelqu‚Äôun.¬†¬ª",UCxC_iDA3Jp4Y8_OQuaGFMRA,http://www.youtube.com/@timotheepaton73,0,,
Ugx_MVfEWOAF713Wqud4AaABAg,0,2,"2020-04-27 11:02:28",@olivierbernardauteur,"Bonjour, puis-je utiliser votre vid√©o sur ma page FB : @t qui est la page d'un livre pour prot√©ger les ados.",UCXiBHs3S7nLrK8hLaN0P6xg,http://www.youtube.com/@olivierbernardauteur,0,,
UgzHG53n9DeuihUnV914AaABAg,0,0,"2020-04-06 09:32:31",@thetelecaser7827,"wsh mr pitoy",UCrOk7AhTKt30z_emLvqybAQ,http://www.youtube.com/@thetelecaser7827,0,,
UgxbjmJFKV_lgQxFm1F4AaABAg,0,0,"2020-04-01 08:15:26",@clementpoudroux4564,"Ici √† Oslo nous utilisons beaucoup les r√©seaux sociaux",UCe2LQnpzSt7q9hAQhjj_LWg,http://www.youtube.com/@clementpoudroux4564,0,,
UgwWL5hw9kS-AQF2ACh4AaABAg,0,2,"2020-03-30 13:50:13",@florentinmoreau9448,"D√©dicace √† Yves SCH. et Guy",UCHHC6oxiPmMiExeeu_REKaA,http://www.youtube.com/@florentinmoreau9448,0,,
UgyIc2Typ9zeFiF3o694AaABAg,0,0,"2020-02-07 12:25:09",@BLCK-tq8ji,nul,UCgGwloyzRuf0q_xHTLaMM1A,http://www.youtube.com/@BLCK-tq8ji,0,,
Ugw8batPuHZq-1T37XZ4AaABAg,0,3,"2020-01-28 18:43:01",@gogoleinc,"Nul, pourquoi ? Explication : Toute personne qui ne pense qu‚Äô√† ¬´¬†avoir des ptn de like¬†¬ª incit√© uniquement le faite de continuer leur travail ou leur connerie. Si une baisse de like ou d‚Äôabonn√©s appara√Æt, soit : - Vous √™tes shadowban, en gros vous devenez invisible, c‚Äôest un algorithme qui se met uniquement dans le but de pay√© l‚Äôenl√®vement du shadowban et avoir encore vos ¬´¬†ptn de likes¬†¬ª J‚Äôaime pas quand vous dites like √ßa fait chier j‚Äôai l‚Äôimpression vous nous prenez pour des gogoles - Ils sont stupides les gens comme √ßa, √† quoi √ßa sert d‚Äôavoir des vues pour des trucs inutiles ? Si vous allez sur les r√©seaux, faites des vid√©os int√©ressantes sur YouTube ou devenez compte humour sur Instagram √ßa plait au gens de faire rire et divertir au lieu de penser qu‚Äôau like. Au fait... je fais des vid√©os dr√¥les, passez sur mon compte üòÑ",UCV16OHV-m2XwE8S6-GlVf8A,http://www.youtube.com/@gogoleinc,0,,
UgyvDT-nj-PxMC1NpeV4AaABAg,0,22,"2020-01-27 15:03:29",@noegrairi4230,"Ptdrr y a que des br√©siliens √ßa sent la compr√©hension orale en cours de fran√ßaisüßê",UCXsCBimeiaSS4ZmifOZdgQQ,http://www.youtube.com/@noegrairi4230,0,,
Ugw6vwbIe7eGvrn8k314AaABAg,0,2,"2019-03-17 13:39:44",@snoowflake592,"les sources ?",UCui5PykTiZo7vq-7k59Q-SA,http://www.youtube.com/@snoowflake592,0,,
UgzhrlIxfhb2_Rgk2iR4AaABAg,0,4,"2019-01-26 17:03:20",@ravishingravi,"Tres bien.",UCV4AnGcGo0KzKPDJF10xDkw,http://www.youtube.com/@ravishingravi,0,,
Ugzwa9We1jD5UGpnYeh4AaABAg,2,4,"2019-01-11 14:23:55",@robberogiers6845,"spreekt iemand hier frans",UCgrZXfPCifwtPHQYNAXM5tA,http://www.youtube.com/@robberogiers6845,0,,
Ugzwa9We1jD5UGpnYeh4AaABAg.8pyLdRDzQCY8qWfZRz835E,,1,"2019-01-25 07:40:09",@stijnrakels5625,"Robbe Rogiers oui oui",UCf2nMqLKx02BuaIcmYUTEjQ,http://www.youtube.com/@stijnrakels5625,1,Ugzwa9We1jD5UGpnYeh4AaABAg,@robberogiers6845
Ugzwa9We1jD5UGpnYeh4AaABAg.8pyLdRDzQCY91shBw75HxJ,,0,"2019-11-28 12:33:41",@rapzbi1839,taboendjemag,UCWyvCDztBdDwWn47KZf5OtA,http://www.youtube.com/@rapzbi1839,1,Ugzwa9We1jD5UGpnYeh4AaABAg,@robberogiers6845
Ugz3T5xhrccZ4MyKTSx4AaABAg,1,2,"2019-01-11 14:23:02",@robberogiers6845,"haha kk grappig want ik spreek frans",UCgrZXfPCifwtPHQYNAXM5tA,http://www.youtube.com/@robberogiers6845,0,,
Ugz3T5xhrccZ4MyKTSx4AaABAg.8pyLXzZ2gp18qWfRSztPuR,,0,"2019-01-25 07:39:04",@stijnrakels5625,"Robbe Rogiers ja",UCf2nMqLKx02BuaIcmYUTEjQ,http://www.youtube.com/@stijnrakels5625,1,Ugz3T5xhrccZ4MyKTSx4AaABAg,@robberogiers6845
Ugy1JNYG0jhws0_hSHZ4AaABAg,7,41,"2019-01-07 23:32:07",@thomasf9835,"Je n'ai pas les reseaux sociaux sauf youtube et je le vis tr√®s bien üëå",UCAyhtmZhoi7CUhnx7HEfgXg,http://www.youtube.com/@thomasf9835,0,,
Ugy1JNYG0jhws0_hSHZ4AaABAg.8pp1C7QydAd93jef2fMi5o,,5,"2020-01-13 17:21:12",@nadiagokalp2129,"Thomas F pareil",UCyRqyAnIEkDkcFy1s3LYbwA,http://www.youtube.com/@nadiagokalp2129,1,Ugy1JNYG0jhws0_hSHZ4AaABAg,@thomasf9835
Ugy1JNYG0jhws0_hSHZ4AaABAg.8pp1C7QydAd96nCd79gWrV,,4,"2020-03-29 15:58:40",@alyciaaa_2047,"Bha pas moi je le vie mal",UCln--EEDOtCftmWuLP3kGmQ,http://www.youtube.com/@alyciaaa_2047,1,Ugy1JNYG0jhws0_hSHZ4AaABAg,@thomasf9835
Ugy1JNYG0jhws0_hSHZ4AaABAg.8pp1C7QydAd990h6kVuo8z,,1,"2020-05-24 00:05:54",@cestpasmoi3103,"La meme",UCFAfw3orLvmhGU0rlnI4LHA,http://www.youtube.com/@cestpasmoi3103,1,Ugy1JNYG0jhws0_hSHZ4AaABAg,@thomasf9835
Ugy1JNYG0jhws0_hSHZ4AaABAg.8pp1C7QydAd990h8V6V9od,,1,"2020-05-24 00:06:08",@cestpasmoi3103,"@@alyciaaa_2047 ah bon pk ? C'est tes parents qui veulent pas alors ?",UCFAfw3orLvmhGU0rlnI4LHA,http://www.youtube.com/@cestpasmoi3103,1,Ugy1JNYG0jhws0_hSHZ4AaABAg,@thomasf9835
Ugy1JNYG0jhws0_hSHZ4AaABAg.8pp1C7QydAd99w-olqpZ9M,,0,"2020-06-15 15:34:01",@thomasf9835,"@MARIE FOLIE ah bon pourquoi?",UCAyhtmZhoi7CUhnx7HEfgXg,http://www.youtube.com/@thomasf9835,1,Ugy1JNYG0jhws0_hSHZ4AaABAg,@thomasf9835
Ugy1JNYG0jhws0_hSHZ4AaABAg.8pp1C7QydAd99wCi06DFzS,,1,"2020-06-15 17:26:41",@thomasf9835,"@MARIE FOLIE je comprend mais je trouve pas. On en a pas besoin. Apr√®s tu peux toujours les mettre si tu sais g√©rer le temps investis dedans",UCAyhtmZhoi7CUhnx7HEfgXg,http://www.youtube.com/@thomasf9835,1,Ugy1JNYG0jhws0_hSHZ4AaABAg,@thomasf9835
Ugy1JNYG0jhws0_hSHZ4AaABAg.8pp1C7QydAd9ScqEwrkOqs,,1,"2021-09-23 10:52:32",@gregouzzz0806,"Ok cool √† vous tous",UCskXpaK8R2YvRsoHMGUiQig,http://www.youtube.com/@gregouzzz0806,1,Ugy1JNYG0jhws0_hSHZ4AaABAg,@thomasf9835
UgyxaXrzACPRfXbM1fJ4AaABAg,0,7,"2018-11-01 16:50:08",@luisasilva6343,"J'ai racont√© le nombre de fois qu' elle parle dans le video: 11 fois! Mais, j'aime le production visuel qui fait la compr√©hension de le sujet mieux!",UCs1rRwH0S5cikk19dIAd_sQ,http://www.youtube.com/@luisasilva6343,0,,
UgwTjPMplp2vRTzFFH94AaABAg,0,4,"2018-11-01 16:49:29",@gabrielg.bassotto9813,"Les bresiliennes sont plus accros aux r√©seaux sociaux qui les autres personnes du monde",UCbYf0ovS2AOXWvRFZ39bziw,http://www.youtube.com/@gabrielg.bassotto9813,0,,
UgzdtXALxXNaI2tcgAR4AaABAg,3,17,"2018-11-01 16:48:32",@gabrielakioyokota2886,"Tr√®s int√©ressant ! Ici, au Br√©sil, nous consommons BEAUCOUP les r√©seaux sociaux",UCsTbfH7UHpp-0Fyh5nHMoyA,http://www.youtube.com/@gabrielakioyokota2886,0,,
UgzdtXALxXNaI2tcgAR4AaABAg.8n6mkUKEYe493PMfqreEdD,,3,"2020-01-05 10:51:14",@gumachad,"En fait, tout le monde prendre trop temps dans les r√©seaux sociaux.",UCie267loxg7-_2khapaYXZA,http://www.youtube.com/@gumachad,1,UgzdtXALxXNaI2tcgAR4AaABAg,@gabrielakioyokota2886
UgzdtXALxXNaI2tcgAR4AaABAg.8n6mkUKEYe4990hBrbC2ZM,,3,"2020-05-24 00:06:36",@cestpasmoi3103,"Comme dans le monde entier lol",UCFAfw3orLvmhGU0rlnI4LHA,http://www.youtube.com/@cestpasmoi3103,1,UgzdtXALxXNaI2tcgAR4AaABAg,@gabrielakioyokota2886
UgzdtXALxXNaI2tcgAR4AaABAg.8n6mkUKEYe49Scpp63pPHW,,0,"2021-09-23 10:48:52",@gregouzzz0806,"Tr√®s int√©ressant",UCskXpaK8R2YvRsoHMGUiQig,http://www.youtube.com/@gregouzzz0806,1,UgzdtXALxXNaI2tcgAR4AaABAg,@gabrielakioyokota2886
UgyK_7TWhQd6LEXCmK54AaABAg,3,18,"2018-10-23 11:47:34",@azerty5187,"J‚Äôai rigol√© √† 3:08 : coucou tu veux voir... Mon chatüòÇ",UCXZPYpigsoQcKkkRZs5SzDg,http://www.youtube.com/@azerty5187,0,,
UgyK_7TWhQd6LEXCmK54AaABAg.8mk49L7jPj698SRIEF1tXb,,0,"2020-05-09 22:06:15",@rajaaintidham7435,Uyuyriugifufuffiixiiddid,UChVC01Rjqqn3rap3jLHuJDw,http://www.youtube.com/@rajaaintidham7435,1,UgyK_7TWhQd6LEXCmK54AaABAg,@azerty5187
UgyK_7TWhQd6LEXCmK54AaABAg.8mk49L7jPj69ScpzwOPmVQ,,1,"2021-09-23 10:50:20",@gregouzzz0806,"Quel humour",UCskXpaK8R2YvRsoHMGUiQig,http://www.youtube.com/@gregouzzz0806,1,UgyK_7TWhQd6LEXCmK54AaABAg,@azerty5187
UgyK_7TWhQd6LEXCmK54AaABAg.8mk49L7jPj69X5cGZZk2t9,,1,"2022-01-12 10:33:12",@sam-lgd1836,"C pas drole",UC4bQ6V2q8SMA7GTX6JyQIFw,http://www.youtube.com/@sam-lgd1836,1,UgyK_7TWhQd6LEXCmK54AaABAg,@azerty5187
UgysiC_RXgNqEpHM6Ld4AaABAg,1,5,"2018-10-17 16:44:35",@camilastarling638,"Ici au Br√©sil nous utilisons beaucoup les r√©seaux sociaux",UCHwCyJuunQPbflA8iVVS6qg,http://www.youtube.com/@camilastarling638,0,,
UgysiC_RXgNqEpHM6Ld4AaABAg.8mW9NT_9LEV9Scq0yS5pzc,,0,"2021-09-23 10:50:37",@gregouzzz0806,"Ravie de le savoir",UCskXpaK8R2YvRsoHMGUiQig,http://www.youtube.com/@gregouzzz0806,1,UgysiC_RXgNqEpHM6Ld4AaABAg,@camilastarling638
UgynefoXzWitfzW8VAp4AaABAg,3,35,"2018-10-17 16:44:31",@mateusmarota6829,"Cette vid√©o est tr√©s utile pour aprendre la langue fran√ßaise!!",UCj6F67fbtacquPiwUoGZ7Yw,http://www.youtube.com/@mateusmarota6829,0,,
UgynefoXzWitfzW8VAp4AaABAg.8mW9MwndQJs94wxj49B4Fj,,1,"2020-02-12 17:49:18",@sarasarita9847,"je suis venue pour sa et merci",UC4jU0QLYo06Jg1AqCR7-sYg,http://www.youtube.com/@sarasarita9847,1,UgynefoXzWitfzW8VAp4AaABAg,@mateusmarota6829
UgynefoXzWitfzW8VAp4AaABAg.8mW9MwndQJs9S11_Ay0cP0,,0,"2021-09-08 09:09:54",@weaverbobybob,"@@sarasarita9847 Je suis venue pour ""√ßa"" <--",UCMMk96VVw8YEtIDMrzfIurA,http://www.youtube.com/@weaverbobybob,1,UgynefoXzWitfzW8VAp4AaABAg,@mateusmarota6829
UgynefoXzWitfzW8VAp4AaABAg.8mW9MwndQJsABFwv_uEm7q,,0,"2024-11-25 08:44:41",@menecraft-y2r,"Nn fr√®re",UCgpOWVve52K8rLFdoFehjsQ,http://www.youtube.com/@menecraft-y2r,1,UgynefoXzWitfzW8VAp4AaABAg,@mateusmarota6829
UgxAVZCknK0L8HHioAN4AaABAg,0,4,"2018-10-17 16:42:21",@laislopes6667,"interessant! :)",UCjA7cZ2ky34_eAdCdplmX7w,http://www.youtube.com/@laislopes6667,0,,
UgxCxiCLj5tlkkdrFd54AaABAg,0,9,"2018-01-19 09:12:53",@dasmer999,"Interessant Merci pour ces informations",UCAfAN6zMSOlb83e6NCWJakA,http://www.youtube.com/@dasmer999,0,,
